application_id,income,debt_ratio,credit_score,loan_amount,days_past_due,defaulted
a1,131330.62,0.455,655,9249.67,0,0
a2,78592.10,0.470,626,15344.71,85,1
a3,90562.42,0.169,739,19314.33,0,0
a4,139169.55,0.590,753,27260.65,48,1
a5,137860.59,0.410,668,4819.63,0,0
a6,103306.44,0.548,792,15356.27,0,0
a7,61259.08,0.483,687,2393.17,0,0
a8,77858.83,0.495,717,2032.00,0,0
a9,134112.33,0.146,631,26373.19,0,0
a10,98101.29,0.143,792,24489.03,0,0
a11,39653.50,0.192,677,28119.35,171,1
a12,64930.88,0.075,633,27822.99,170,1
a13,100514.05,0.267,699,12777.23,0,0
a14,64839.54,0.114,597,19157.65,0,0
a15,87183.72,0.054,739,26549.57,0,0
a16,131095.23,0.539,781,17136.80,0,0
a17,114634.01,0.165,753,25785.61,0,0
a18,100776.14,0.570,695,14615.77,0,0
a19,149550.94,0.550,748,4306.44,0,0
a20,88373.30,0.378,761,8805.00,0,0
a21,44056.12,0.132,749,11311.01,0,0
a22,42072.90,0.088,724,3266.55,0,0
a23,139201.92,0.321,720,2747.51,0,0
a24,102760.61,0.346,648,12363.92,0,0
a25,34367.04,0.013,790,7179.21,0,0
a26,55269.18,0.480,784,2637.91,0,0
a27,42180.03,0.156,605,20113.92,76,1
a28,37325.09,0.280,699,21581.05,96,1
a29,73026.64,0.439,760,27717.50,82,1
a30,145985.87,0.035,719,25671.89,0,0
a31,60082.48,0.358,661,6894.95,0,0
a32,79188.65,0.341,677,10720.49,0,0
a33,130519.34,0.151,690,2348.22,0,0
a34,70309.99,0.027,620,8723.65,0,0
a35,72267.07,0.173,640,28513.36,0,0
a36,104529.22,0.429,647,13603.70,0,0
a37,30182.91,0.115,634,8703.65,0,0
a38,75437.77,0.525,692,13603.38,175,1
a39,80187.19,0.397,562,14469.86,70,1
a40,83563.77,0.531,777,18911.37,39,1
a41,89349.92,0.187,667,24653.28,0,0
a42,127489.79,0.113,800,19726.49,0,0
a43,117066.52,0.592,650,20998.42,84,1
a44,31714.96,0.453,795,20921.33,78,1
a45,44268.47,0.390,768,9839.52,0,0
a46,42021.68,0.512,649,4277.67,145,1
a47,125978.95,0.069,614,20299.88,0,0
a48,107392.88,0.069,589,25834.71,82,1
a49,111719.61,0.335,787,28276.29,0,0
a50,35040.54,0.449,725,20350.13,147,1
a51,106816.94,0.223,684,7819.63,0,0
a52,31067.65,0.091,633,24109.45,116,1
a53,123530.03,0.021,617,6183.65,0,0
a54,73308.79,0.594,582,5217.10,42,1
a55,66945.57,0.514,732,10474.78,0,0
a56,65907.06,0.065,690,15472.82,0,0
a57,125744.92,0.487,581,5248.23,39,1
a58,66228.37,0.441,774,27751.29,0,0
a59,75068.56,0.585,710,3843.37,86,1
a60,37338.74,0.005,648,16532.10,0,0
a61,88634.26,0.351,720,13845.07,0,0
a62,148615.09,0.157,744,14074.19,0,0
a63,37662.95,0.518,726,27284.30,81,1
a64,44269.23,0.239,602,3178.84,0,0
a65,55907.32,0.088,599,12584.90,0,0
a66,48160.12,0.593,796,6155.26,0,0
a67,111591.54,0.527,674,27677.31,157,1
a68,149781.97,0.381,769,17198.65,0,0
a69,31164.56,0.423,737,10911.26,164,1
a70,47804.03,0.154,746,25585.33,0,0
a71,116175.80,0.484,567,4370.01,0,0
a72,34729.90,0.135,560,2427.98,0,0
a73,69671.32,0.096,587,20370.34,0,0
a74,90599.96,0.541,676,18068.43,162,1
a75,120941.57,0.594,737,27361.86,167,1
a76,138136.65,0.251,793,25673.78,0,0
a77,102891.59,0.140,766,2573.49,0,0
a78,118889.45,0.181,693,11315.20,0,0
a79,61440.90,0.495,743,12756.47,0,0
a80,49655.45,0.561,610,22424.62,39,1
a81,87759.65,0.085,772,18855.07,0,0
a82,113843.57,0.486,638,2985.03,0,0
a83,85065.88,0.061,745,2566.39,0,0
a84,45924.23,0.194,725,20171.78,0,0
a85,124010.04,0.466,578,3684.50,0,0
a86,103719.70,0.560,713,29145.59,105,1
a87,124627.98,0.076,778,24381.55,0,0
a88,134704.17,0.409,753,16532.20,0,0
a89,52695.30,0.469,661,23185.25,49,1
a90,144779.70,0.541,560,9150.82,163,1
a91,109981.34,0.343,604,4617.33,0,0
a92,136652.65,0.468,725,13763.11,0,0
a93,43613.39,0.256,692,27840.66,0,0
a94,79876.94,0.060,743,22559.82,0,0
a95,83606.23,0.412,558,27739.91,0,0
a96,116705.13,0.047,568,12059.09,119,1
a97,51348.92,0.498,608,12242.47,66,1
a98,54957.36,0.123,718,28271.34,31,1
a99,65191.55,0.414,783,8520.17,0,0
a100,84485.77,0.286,727,9230.13,83,1
a101,73468.78,0.284,623,28239.55,0,0
a102,106309.88,0.110,798,4872.25,0,0
a103,48768.37,0.539,786,24522.93,92,1
a104,58398.86,0.110,643,20569.47,0,0
a105,102144.99,0.236,726,5696.57,0,0
a106,80009.92,0.556,698,10344.79,93,1
a107,83377.34,0.222,787,3620.00,0,0
a108,80067.06,0.437,630,7711.73,150,1
a109,40926.78,0.111,577,5140.44,0,0
a110,48465.46,0.422,782,7190.66,0,0
a111,50968.46,0.576,635,16653.76,52,1
a112,87994.56,0.122,550,21571.77,0,0
a113,30933.20,0.179,742,19609.77,0,0
a114,48746.53,0.424,668,20989.00,89,1
a115,95248.90,0.243,708,2605.34,0,0
a116,110218.64,0.000,650,26935.73,0,0
a117,83350.15,0.448,638,26396.34,80,1
a118,101449.19,0.021,748,10556.91,0,0
a119,93622.25,0.149,780,6579.53,0,0
a120,64763.03,0.312,693,19559.91,0,0
a121,79296.54,0.381,651,23799.41,0,0
a122,65070.50,0.223,707,6397.96,0,0
a123,75771.33,0.355,585,20711.23,151,1
a124,119081.46,0.131,672,16043.88,0,0
a125,145010.71,0.266,586,15874.65,0,0
a126,55885.67,0.213,648,29800.74,0,0
a127,147468.79,0.412,570,28580.66,0,0
a128,77413.85,0.217,579,2104.73,0,0
a129,106844.79,0.176,775,5939.03,0,0
a130,52944.52,0.260,729,12755.64,0,0
a131,107760.59,0.412,587,28130.50,110,1
a132,45506.76,0.546,661,24101.46,155,1
a133,76744.37,0.132,599,28320.97,0,0
a134,35975.19,0.233,609,4370.40,44,1
a135,119179.54,0.406,608,10330.76,161,1
a136,120179.05,0.463,771,13520.11,162,1
a137,109875.56,0.389,687,22563.67,0,0
a138,84552.28,0.153,669,11441.44,0,0
a139,36306.40,0.210,622,2199.64,139,1
a140,111660.48,0.582,649,27798.97,116,1
a141,102998.26,0.364,571,10932.84,113,1
a142,60659.98,0.313,598,4243.25,0,0
a143,71489.67,0.502,613,22412.73,162,1
a144,133199.33,0.153,636,21949.45,171,1
a145,38680.53,0.277,731,3329.12,0,0
a146,147467.20,0.276,580,4281.36,69,1
a147,79681.54,0.552,660,4160.01,130,1
a148,34722.20,0.108,673,5586.39,0,0
a149,142135.31,0.192,659,17597.51,0,0
a150,94929.08,0.121,624,14369.94,0,0
a151,94339.80,0.157,608,5324.45,0,0
a152,41868.09,0.440,612,9967.60,31,1
a153,119030.59,0.309,765,5410.23,0,0
a154,44189.32,0.442,640,20896.70,102,1
a155,56586.96,0.499,610,16508.29,89,1
a156,74783.63,0.288,696,5844.06,159,1
a157,69346.16,0.351,556,5635.04,75,1
a158,91256.94,0.046,741,23880.43,0,0
a159,98339.76,0.417,603,22511.70,0,0
a160,121195.98,0.212,698,19611.70,0,0
a161,42961.67,0.500,682,12041.20,33,1
a162,145035.62,0.333,591,26614.20,0,0
a163,118484.58,0.328,726,4205.63,0,0
a164,78222.51,0.115,629,10168.39,0,0
a165,55039.61,0.189,737,8989.05,0,0
a166,110211.92,0.396,606,11636.81,34,1
a167,72762.95,0.324,733,6234.05,45,1
a168,32947.76,0.027,606,20308.55,45,1
a169,71391.42,0.398,584,27815.54,66,1
a170,72964.22,0.106,632,29630.28,0,0
a171,75920.19,0.246,616,16877.43,0,0
a172,112397.59,0.278,560,27802.22,129,1
a173,50557.87,0.300,705,20535.34,0,0
a174,113952.19,0.048,609,25191.16,0,0
a175,143514.97,0.574,774,22798.73,0,0
a176,97369.05,0.431,657,26210.62,147,1
a177,115212.90,0.369,560,11527.01,0,0
a178,75182.12,0.375,772,15897.66,0,0
a179,110597.45,0.275,677,6543.97,0,0
a180,70517.49,0.482,786,2413.95,0,0
a181,64587.33,0.281,559,16890.21,39,1
a182,84710.13,0.433,651,15888.14,38,1
a183,60470.40,0.408,726,28015.45,0,0
a184,121449.76,0.458,679,12810.01,0,0
a185,60076.05,0.070,795,24534.38,0,0
a186,59117.59,0.404,683,26518.03,69,1
a187,69679.02,0.448,552,24858.06,118,1
a188,73583.17,0.375,631,23917.99,73,1
a189,30121.54,0.084,561,5523.74,0,0
a190,143833.00,0.288,787,24914.85,0,0
a191,119673.83,0.113,687,13868.62,0,0
a192,50860.02,0.102,715,6407.25,0,0
a193,90470.78,0.478,701,23133.11,102,1
a194,31636.21,0.467,755,9852.34,164,1
a195,96547.18,0.594,597,23912.53,31,1
a196,120006.33,0.093,715,27863.69,0,0
a197,73312.98,0.570,690,13525.82,88,1
a198,137977.72,0.217,795,6438.46,0,0
a199,72536.78,0.420,555,22587.23,91,1
a200,62936.72,0.567,782,4181.89,0,0
a201,119284.35,0.270,677,24591.07,0,0
a202,144960.51,0.099,781,27983.62,0,0
a203,142846.90,0.152,770,23657.42,0,0
a204,40875.51,0.018,553,9015.63,0,0
a205,76395.00,0.465,706,12899.33,0,0
a206,34610.07,0.279,757,5550.78,0,0
a207,69373.90,0.015,668,16607.40,0,0
a208,97910.32,0.208,551,7341.65,168,1
a209,86532.27,0.189,760,28726.23,130,1
a210,138632.09,0.591,741,9702.31,0,0
a211,101479.58,0.243,627,3675.75,0,0
a212,46074.74,0.289,710,23393.92,163,1
a213,35216.55,0.333,736,19674.20,0,0
a214,71363.80,0.352,571,17674.30,81,1
a215,126024.07,0.197,727,23905.23,0,0
a216,84777.46,0.546,739,14567.10,179,1
a217,51235.92,0.307,774,10850.25,0,0
a218,53146.44,0.475,703,24743.50,115,1
a219,139520.25,0.081,743,3600.61,0,0
a220,92120.48,0.001,744,4911.48,0,0
a221,98432.90,0.201,645,12137.54,0,0
a222,106388.20,0.082,781,7112.78,0,0
a223,70546.73,0.364,561,20071.00,129,1
a224,139400.63,0.360,749,6708.52,0,0
a225,141223.04,0.245,660,18915.97,0,0
a226,60699.38,0.186,762,14701.86,0,0
a227,84447.49,0.158,787,3794.60,0,0
a228,33142.40,0.013,651,21336.01,0,0
a229,68736.39,0.474,737,21455.73,43,1
a230,94273.64,0.241,746,27913.15,162,1
a231,41486.17,0.496,633,28744.12,38,1
a232,48512.62,0.310,751,28875.26,116,1
a233,48823.27,0.329,587,6889.20,0,0
a234,106814.40,0.146,770,19492.04,0,0
a235,87950.02,0.533,720,3236.72,0,0
a236,63789.17,0.102,610,8329.12,0,0
a237,85547.86,0.526,584,17817.72,179,1
a238,30676.45,0.234,750,29996.68,112,1
a239,91210.56,0.023,744,5133.27,0,0
a240,123399.03,0.404,645,2740.37,0,0
a241,139643.34,0.200,612,5859.26,0,0
a242,94001.79,0.044,652,20443.08,0,0
a243,81784.93,0.262,668,8300.94,0,0
a244,107431.77,0.238,695,25396.30,0,0
a245,136204.76,0.223,555,19124.93,0,0
a246,58442.05,0.024,630,24346.00,0,0
a247,42799.22,0.527,562,21977.32,137,1
a248,117720.30,0.586,658,4934.93,148,1
a249,49365.49,0.204,653,18525.74,0,0
a250,64045.17,0.302,783,11671.78,0,0
a251,121935.78,0.378,738,7479.40,0,0
a252,51227.74,0.350,624,19763.84,140,1
a253,34188.11,0.246,644,7828.89,58,1
a254,103575.45,0.099,658,13155.13,0,0
a255,115292.38,0.408,744,17257.57,0,0
a256,50307.96,0.124,607,16708.50,0,0
a257,72836.89,0.529,734,22060.52,60,1
a258,126307.41,0.548,760,23655.78,70,1
a259,71096.83,0.301,633,21464.41,0,0
a260,148145.29,0.446,626,26653.81,0,0
a261,71583.14,0.569,678,29009.79,0,0
a262,127553.05,0.410,589,2137.68,0,0
a263,114535.19,0.561,679,21511.70,82,1
a264,101494.31,0.362,678,9467.02,0,0
a265,50236.47,0.051,559,5231.16,0,0
a266,116695.61,0.191,719,12334.65,0,0
a267,109985.08,0.487,607,6453.32,49,1
a268,123662.40,0.305,771,2721.88,0,0
a269,50017.82,0.596,652,20498.16,133,1
a270,61695.31,0.352,780,6797.38,0,0
a271,36438.35,0.225,751,20033.60,0,0
a272,57971.47,0.524,560,19360.08,159,1
a273,88833.60,0.387,668,7068.51,0,0
a274,49144.77,0.511,758,6021.89,47,1
a275,87373.43,0.340,652,4582.76,0,0
a276,127736.65,0.178,640,4636.16,0,0
a277,36805.02,0.399,697,7558.08,133,1
a278,96993.25,0.453,673,21331.82,0,0
a279,97145.50,0.525,636,4730.91,88,1
a280,89728.93,0.591,619,2251.22,160,1
a281,141182.00,0.055,626,13824.21,0,0
a282,145628.65,0.516,586,10061.28,153,1
a283,109200.59,0.469,621,19147.66,0,0
a284,44335.18,0.213,767,8402.13,0,0
a285,105859.14,0.215,619,29235.59,0,0
a286,115724.34,0.170,576,27300.77,69,1
a287,71281.87,0.146,597,28764.52,58,1
a288,111732.64,0.585,666,14929.72,0,0
a289,149863.74,0.497,605,13180.07,89,1
a290,67742.87,0.410,573,10880.07,0,0
a291,57285.38,0.581,796,18110.71,53,1
a292,61615.52,0.435,595,7063.05,37,1
a293,58048.04,0.026,646,2126.19,0,0
a294,102557.46,0.561,600,22749.71,30,1
a295,92426.48,0.373,654,17034.09,0,0
a296,57233.97,0.249,669,2010.36,0,0
a297,147127.89,0.025,789,2799.48,0,0
a298,74095.93,0.202,663,5762.60,0,0
a299,60206.19,0.062,576,2675.69,0,0
a300,122653.38,0.082,602,29324.40,0,0
